question,true_answer,source_doc,generated_answer,retrieved_docs,test_settings,eval_score_gpt4,eval_feedback_gpt4,settings
"What is the recommended approach for studying physics?
","The recommended approach for studying physics is a daily, systematic, and focused one. Cramming the night before an assignment or exam is ineffective.",/kaggle/input/course-bot-data/bain_syllabus.pdf,"
<|system|>
Using the information contained in the context,
give a comprehensive answer to the question.
Respond only to the question asked, response should be concise and relevant to the question.
Provide the number of the source document when relevant.
If the answer cannot be deduced from the context, do not give an answer.</s>
<|user|>
Context:

Extracted documents:
Document 0:::
learn
physics
and
will
result
in
poor
test
scores.
Physics
demands
a
daily,
systematic,
and
focused
approach
to
studying.
c.
Practice 
makes 
perfect: 
Solving
physics
problems
is
a
skill
that
requires
practice.
It
is
NOT
a
game
ofDocument 1:::
b.
Don’t 
Procrastinate: 
I
recommend
that
students
make
time
each
day
to
work
on
problem
sets
in
advance
of
the
deadline.
Cramming
the
night
before
an
assignment
or
exam
is
an
ineﬀective
way
to
learn
physics
and
willDocument 2:::
I.
Course
Description
1.
Course
Summary
a.
PHY
161/PHYS
215
General
Physics
I
is
an
algebra-based
introduction
to
mechanics,
thermodynamics,
and
waves.
Topics
include
motion
in
one
and
two
dimensions,
Newton’s
laws
of
motion,
equilibrium,
work,Document 3:::
a.
Upon
completion
of
this
course,
students
will
be
able
to:
b.
Apply
the
laws
of
classical
Newtonian
mechanics
(motion,
force,
energy,
momentum,
and
gravitation)
to
solve
problems
involving
static
systems,
motion
with
constant
acceleration,
and
rotationalDocument 4:::
as
an
additional
course
resource.
c.
Additional
Resources
—
Students
will
be
asked
to
use
a
wide
variety
of
simulations,
watch
online
physics
videos,
and
may
be
assigned
additional
reading
from
resources
outside
the
test
above.
Such
readings
andDocument 5:::
Lab
6
-
Projectile
Motion
Sep
23
Ch
4,
5
(5.1-5.4)
Lab
7
-
Finding
g
Empirically
Sep
30
Ch
6-7
Lab
8
-
Newton's
2nd
Law
(Half-Atwood)
Exam
2
(Ch
3-4)
Oct
7
ChDocument 6:::
7th
ed.,
Douglas
C.
Giancoli
—
Primary
text
for
course.
A
physical
copy
is
provided
to
students.
b.
OpenStax
College
Physics
—
An
additional
free
e-textbook
will
be
provided
to
students
on
Canvas
as
an
additional
course
---
Now here is the question you need to answer.

Question: What is the recommended approach for studying physics?

</s>
<|assistant|>
According to Document 1, line b, the recommended approach for studying physics is to make time each day to work on problem sets in advance of the deadline, rather than cramming the night before an assignment or exam, as this is an ineffective way to learn physics. Additionally, Document 2, line c, suggests using additional resources such as simulations, online physics videos, and outside readings to enhance learning. Overall, Document 3, line a, states that upon completion of the course, students will be able to apply the laws of classical Newtonian mechanics to solve problems involving static systems, motion with constant acceleration, and rotational motion. Therefore, a daily, systematic, and focused approach to studying physics, including working on problem sets in advance and utilizing additional resources, is recommended to achieve proficiency in applying the laws of classical Newtonian mechanics. The primary text for the course is Douglas C. Giancoli's 7th edition of Physics, and an additional free e-textbook, OpenStax College Physics, will also be provided on Canvas.","['learn\nphysics\nand\nwill\nresult\nin\npoor\ntest\nscores.\nPhysics\ndemands\na\ndaily,\nsystematic,\nand\nfocused\napproach\nto\nstudying.\nc.\nPractice \nmakes \nperfect: \nSolving\nphysics\nproblems\nis\na\nskill\nthat\nrequires\npractice.\nIt\nis\nNOT\na\ngame\nof', 'b.\nDon’t \nProcrastinate: \nI\nrecommend\nthat\nstudents\nmake\ntime\neach\nday\nto\nwork\non\nproblem\nsets\nin\nadvance\nof\nthe\ndeadline.\nCramming\nthe\nnight\nbefore\nan\nassignment\nor\nexam\nis\nan\nineﬀective\nway\nto\nlearn\nphysics\nand\nwill', 'I.\nCourse\nDescription\n1.\nCourse\nSummary\na.\nPHY\n161/PHYS\n215\nGeneral\nPhysics\nI\nis\nan\nalgebra-based\nintroduction\nto\nmechanics,\nthermodynamics,\nand\nwaves.\nTopics\ninclude\nmotion\nin\none\nand\ntwo\ndimensions,\nNewton’s\nlaws\nof\nmotion,\nequilibrium,\nwork,', 'a.\nUpon\ncompletion\nof\nthis\ncourse,\nstudents\nwill\nbe\nable\nto:\nb.\nApply\nthe\nlaws\nof\nclassical\nNewtonian\nmechanics\n(motion,\nforce,\nenergy,\nmomentum,\nand\ngravitation)\nto\nsolve\nproblems\ninvolving\nstatic\nsystems,\nmotion\nwith\nconstant\nacceleration,\nand\nrotational', 'as\nan\nadditional\ncourse\nresource.\nc.\nAdditional\nResources\n—\nStudents\nwill\nbe\nasked\nto\nuse\na\nwide\nvariety\nof\nsimulations,\nwatch\nonline\nphysics\nvideos,\nand\nmay\nbe\nassigned\nadditional\nreading\nfrom\nresources\noutside\nthe\ntest\nabove.\nSuch\nreadings\nand', ""Lab\n6\n-\nProjectile\nMotion\nSep\n23\nCh\n4,\n5\n(5.1-5.4)\nLab\n7\n-\nFinding\ng\nEmpirically\nSep\n30\nCh\n6-7\nLab\n8\n-\nNewton's\n2nd\nLaw\n(Half-Atwood)\nExam\n2\n(Ch\n3-4)\nOct\n7\nCh"", '7th\ned.,\nDouglas\nC.\nGiancoli\n—\nPrimary\ntext\nfor\ncourse.\nA\nphysical\ncopy\nis\nprovided\nto\nstudents.\nb.\nOpenStax\nCollege\nPhysics\n—\nAn\nadditional\nfree\ne-textbook\nwill\nbe\nprovided\nto\nstudents\non\nCanvas\nas\nan\nadditional\ncourse']",chunk:200_embeddings:thenlper~gte-small_rerank:False_reader-model:zephyr-7b-beta,4,"Feedback: The response correctly identifies the need for a daily, systematic, and focused approach to studying physics, which aligns with the reference answer. It also correctly advises against cramming the night before an assignment or exam, which is mentioned as ineffective in the reference answer. The response includes additional details from the documents provided, such as the use of additional resources and the application of classical Newtonian mechanics, which are not directly mentioned in the reference answer but are relevant and factual. Therefore, the response is mostly correct, accurate, and factual.",./output/rag_chunk:200_embeddings:thenlper~gte-small_rerank:False_reader-model:zephyr-7b-beta.json
"What is the consequence of not actively participating in class by using headphones or electronic devices?
",Students who wear headphones or use electronic devices during class in lieu of actively participating will be counted as absent.,/kaggle/input/course-bot-data/bain_syllabus.pdf,"
<|system|>
Using the information contained in the context,
give a comprehensive answer to the question.
Respond only to the question asked, response should be concise and relevant to the question.
Provide the number of the source document when relevant.
If the answer cannot be deduced from the context, do not give an answer.</s>
<|user|>
Context:

Extracted documents:
Document 0:::
electronic
devices
during
class
in
lieu
of
actively
participating
(as
deﬁned
by
the
instructor)
will
be
counted
as
absent.
Unless
the
instructor
has
asked
students
to
use
electronic
devices
for
academic
purposes,
their
use
is
not
allowed.
WearingDocument 1:::
is
not
allowed.
Wearing
headphones
during
class/lab
is
prohibited.
e.
Clickers: 
This
class
is
designed
to
be
student-centered
and
highly
interactive.
Students
are
expected
to
actively
participate
during
every
class.
This
includes
answering
any
and
all
clicker-styleDocument 2:::
the
instructor
and
will
either
be
asked
to
attend
another
section
or
attend
virtually/remotely
if
possible
and
may
be
given
an
alternate
assignment
in
certain
cases.
d.
No 
Headphones: 
Students
who
wear
headphones
or
use
electronic
devices
during
classDocument 3:::
bring…
(1)
Writing
utensils
with
notebook,
printed
notes,
or
tablets/iPad.
(a) 
Note 
- 
Students 
should 
NOT 
use 
their 
phone 
or 
laptop 
in 
class. 
(b) 
Note 
- 
Students 
should 
NOT 
wear 
headphones 
during 
class. 
2.
To
theDocument 4:::
assignments.
Failure
to
actively
participate
during
class
will
incur
a
grade
penalty.
3.
Homework
Page
4
of
8Document 5:::
quizzes/exams,
if
a
phone
is
seen
being
used
or
cheating
is
observed,
a
0%
will
be
assigned.
8.
Inclusion
a.
In
this
class,
we
will
all
maintain
a
community
in
which
every
person
feels
welcomed,
valued,
andDocument 6:::
excused 
absences. 
Otherwise, 
no 
late 
work 
is 
accepted. 
b.
Valid
excuses
include
classes
missed
due
to
documented
illness
or
other
excused
absences.
Forgetting
to
do
an
assignment,
neglecting
to
do
an
assignment
due
to
other
coursework,
and
running
---
Now here is the question you need to answer.

Question: What is the consequence of not actively participating in class by using headphones or electronic devices?

</s>
<|assistant|>
According to Documents 0, 1, and 3, wearing headphones or using electronic devices during class instead of actively participating will result in being counted as absent (Document 0) or prohibited (Documents 1 and 3). In Document 2, if a student continues to use headphones or electronic devices despite being asked to attend another section or given an alternate assignment, they may be asked to attend virtually/remotely or given an alternate assignment in certain cases. Failure to actively participate during class, including the use of headphones or electronic devices, will incur a grade penalty (Document 4). If a phone is seen being used or cheating is observed, a 0% will be assigned (Document 5). Therefore, the consequence of not actively participating in class by using headphones or electronic devices is being counted as absent, prohibited, incurring a grade penalty, or receiving a 0% for assignments or quizzes/exams due to observed cheating.","['electronic\ndevices\nduring\nclass\nin\nlieu\nof\nactively\nparticipating\n(as\ndeﬁned\nby\nthe\ninstructor)\nwill\nbe\ncounted\nas\nabsent.\nUnless\nthe\ninstructor\nhas\nasked\nstudents\nto\nuse\nelectronic\ndevices\nfor\nacademic\npurposes,\ntheir\nuse\nis\nnot\nallowed.\nWearing', 'is\nnot\nallowed.\nWearing\nheadphones\nduring\nclass/lab\nis\nprohibited.\ne.\nClickers: \nThis\nclass\nis\ndesigned\nto\nbe\nstudent-centered\nand\nhighly\ninteractive.\nStudents\nare\nexpected\nto\nactively\nparticipate\nduring\nevery\nclass.\nThis\nincludes\nanswering\nany\nand\nall\nclicker-style', 'the\ninstructor\nand\nwill\neither\nbe\nasked\nto\nattend\nanother\nsection\nor\nattend\nvirtually/remotely\nif\npossible\nand\nmay\nbe\ngiven\nan\nalternate\nassignment\nin\ncertain\ncases.\nd.\nNo \nHeadphones: \nStudents\nwho\nwear\nheadphones\nor\nuse\nelectronic\ndevices\nduring\nclass', 'bring…\n(1)\nWriting\nutensils\nwith\nnotebook,\nprinted\nnotes,\nor\ntablets/iPad.\n(a) \nNote \n- \nStudents \nshould \nNOT \nuse \ntheir \nphone \nor \nlaptop \nin \nclass. \n(b) \nNote \n- \nStudents \nshould \nNOT \nwear \nheadphones \nduring \nclass. \n2.\nTo\nthe', 'assignments.\nFailure\nto\nactively\nparticipate\nduring\nclass\nwill\nincur\na\ngrade\npenalty.\n3.\nHomework\nPage\n4\nof\n8', 'quizzes/exams,\nif\na\nphone\nis\nseen\nbeing\nused\nor\ncheating\nis\nobserved,\na\n0%\nwill\nbe\nassigned.\n8.\nInclusion\na.\nIn\nthis\nclass,\nwe\nwill\nall\nmaintain\na\ncommunity\nin\nwhich\nevery\nperson\nfeels\nwelcomed,\nvalued,\nand', 'excused \nabsences. \nOtherwise, \nno \nlate \nwork \nis \naccepted. \nb.\nValid\nexcuses\ninclude\nclasses\nmissed\ndue\nto\ndocumented\nillness\nor\nother\nexcused\nabsences.\nForgetting\nto\ndo\nan\nassignment,\nneglecting\nto\ndo\nan\nassignment\ndue\nto\nother\ncoursework,\nand\nrunning']",chunk:200_embeddings:thenlper~gte-small_rerank:False_reader-model:zephyr-7b-beta,5,"The response provided is completely correct, accurate, and factual. It aligns with the information given in the documents, specifically mentioning the consequences of being counted as absent, prohibited, incurring a grade penalty, or receiving a 0% for cheating, which are all mentioned in the documents. The response directly addresses the question asked and provides a comprehensive answer based on the context provided. It meets the criteria for a score of 5 as per the score rubrics.",./output/rag_chunk:200_embeddings:thenlper~gte-small_rerank:False_reader-model:zephyr-7b-beta.json
"What are the six fundamental values of academic integrity?
","The six fundamental values of academic integrity are honesty, trust, fairness, respect, responsibility, and courage.",/kaggle/input/course-bot-data/bain_syllabus.pdf,"
<|system|>
Using the information contained in the context,
give a comprehensive answer to the question.
Respond only to the question asked, response should be concise and relevant to the question.
Provide the number of the source document when relevant.
If the answer cannot be deduced from the context, do not give an answer.</s>
<|user|>
Context:

Extracted documents:
Document 0:::
a.
Academic
integrity
is
“a
commitment,
even
in
the
face
of
adversity,
to
six
fundamental
values:
honesty,
trust,
fairness,
respect,
responsibility,
and
courage”
(International
Center
for
Academic
Integrity
website).
A
lack
of
academic
integrity
prevents
students
fromDocument 1:::
at
the
start
of
the
course
to
determine
how
best
to
accommodate
the
plan.
7.
Academic
Integrity
Page
5
of
8Document 2:::
integrity
prevents
students
from
learning
and
undermines
our
community,
and
is
therefore
strictly
prohibited.
GSSM’s
academic
integrity
policy
(as
explained
in
the
GSSM
Student
Handbook)
covers
all
school-related
academic
work,
both
in
and
out
of
class.
b.Document 3:::
out
of
class.
b.
Students
who
engage
in
plagiarism/cheating
will
receive
a
0%
on
a
given
assignment/exam
and
will
be
subject
to
disciplinary
action
including
letters
to
parents,
recommendations
to
the
judicial
council,
etc.
Students
may
workDocument 4:::
feels
welcomed,
valued,
and
respected.
It
is
expected
that
you
will
treat
your
classmates
graciously
and
responsibly
and
that
you
will
show
respect
for
diverse
perspectives,
especially
in
terms
of
race,
gender,
sexuality,
religion,
national
origin, disability
status, andDocument 5:::
quizzes/exams,
if
a
phone
is
seen
being
used
or
cheating
is
observed,
a
0%
will
be
assigned.
8.
Inclusion
a.
In
this
class,
we
will
all
maintain
a
community
in
which
every
person
feels
welcomed,
valued,
andDocument 6:::
a.
Group 
vs. 
Individual 
Work: 
Students
are
encouraged
to
work
together
with
classmates
but
must
ensure
that
they
gain
their
own
individual
understanding
of
material.
Students
must
allot
time
for
self-study
alone
without
others.
b.
Don’t 
Procrastinate:
---
Now here is the question you need to answer.

Question: What are the six fundamental values of academic integrity?

</s>
<|assistant|>
The six fundamental values of academic integrity, as stated in Document 0, are honesty, trust, fairness, respect, responsibility, and courage. (Source: International Center for Academic Integrity website)","['a.\nAcademic\nintegrity\nis\n“a\ncommitment,\neven\nin\nthe\nface\nof\nadversity,\nto\nsix\nfundamental\nvalues:\nhonesty,\ntrust,\nfairness,\nrespect,\nresponsibility,\nand\ncourage”\n(International\nCenter\nfor\nAcademic\nIntegrity\nwebsite).\nA\nlack\nof\nacademic\nintegrity\nprevents\nstudents\nfrom', 'at\nthe\nstart\nof\nthe\ncourse\nto\ndetermine\nhow\nbest\nto\naccommodate\nthe\nplan.\n7.\nAcademic\nIntegrity\nPage\n5\nof\n8', 'integrity\nprevents\nstudents\nfrom\nlearning\nand\nundermines\nour\ncommunity,\nand\nis\ntherefore\nstrictly\nprohibited.\nGSSM’s\nacademic\nintegrity\npolicy\n(as\nexplained\nin\nthe\nGSSM\nStudent\nHandbook)\ncovers\nall\nschool-related\nacademic\nwork,\nboth\nin\nand\nout\nof\nclass.\nb.', 'out\nof\nclass.\nb.\nStudents\nwho\nengage\nin\nplagiarism/cheating\nwill\nreceive\na\n0%\non\na\ngiven\nassignment/exam\nand\nwill\nbe\nsubject\nto\ndisciplinary\naction\nincluding\nletters\nto\nparents,\nrecommendations\nto\nthe\njudicial\ncouncil,\netc.\nStudents\nmay\nwork', 'feels\nwelcomed,\nvalued,\nand\nrespected.\nIt\nis\nexpected\nthat\nyou\nwill\ntreat\nyour\nclassmates\ngraciously\nand\nresponsibly\nand\nthat\nyou\nwill\nshow\nrespect\nfor\ndiverse\nperspectives,\nespecially\nin\nterms\nof\nrace,\ngender,\nsexuality,\nreligion,\nnational\norigin,\xa0disability\nstatus,\xa0and', 'quizzes/exams,\nif\na\nphone\nis\nseen\nbeing\nused\nor\ncheating\nis\nobserved,\na\n0%\nwill\nbe\nassigned.\n8.\nInclusion\na.\nIn\nthis\nclass,\nwe\nwill\nall\nmaintain\na\ncommunity\nin\nwhich\nevery\nperson\nfeels\nwelcomed,\nvalued,\nand', 'a.\nGroup \nvs. \nIndividual \nWork: \nStudents\nare\nencouraged\nto\nwork\ntogether\nwith\nclassmates\nbut\nmust\nensure\nthat\nthey\ngain\ntheir\nown\nindividual\nunderstanding\nof\nmaterial.\nStudents\nmust\nallot\ntime\nfor\nself-study\nalone\nwithout\nothers.\nb.\nDon’t \nProcrastinate:']",chunk:200_embeddings:thenlper~gte-small_rerank:False_reader-model:zephyr-7b-beta,5,"Feedback: The response provided is completely correct, accurate, and factual. It matches the reference answer by listing all six fundamental values of academic integrity: honesty, trust, fairness, respect, responsibility, and courage. Additionally, the response correctly cites the source of the information, which is the International Center for Academic Integrity website, as mentioned in Document 0.",./output/rag_chunk:200_embeddings:thenlper~gte-small_rerank:False_reader-model:zephyr-7b-beta.json
"What is the recommended approach for studying physics?
","The recommended approach for studying physics is a daily, systematic, and focused one. Cramming the night before an assignment or exam is ineffective.",/kaggle/input/course-bot-data/bain_syllabus.pdf,"
<|system|>
Using the information contained in the context,
give a comprehensive answer to the question.
Respond only to the question asked, response should be concise and relevant to the question.
Provide the number of the source document when relevant.
If the answer cannot be deduced from the context, do not give an answer.</s>
<|user|>
Context:

Extracted documents:
Document 0:::
learn
physics
and
will
result
in
poor
test
scores.
Physics
demands
a
daily,
systematic,
and
focused
approach
to
studying.
c.
Practice 
makes 
perfect: 
Solving
physics
problems
is
a
skill
that
requires
practice.
It
is
NOT
a
game
ofDocument 1:::
b.
Don’t 
Procrastinate: 
I
recommend
that
students
make
time
each
day
to
work
on
problem
sets
in
advance
of
the
deadline.
Cramming
the
night
before
an
assignment
or
exam
is
an
ineﬀective
way
to
learn
physics
and
willDocument 2:::
I.
Course
Description
1.
Course
Summary
a.
PHY
161/PHYS
215
General
Physics
I
is
an
algebra-based
introduction
to
mechanics,
thermodynamics,
and
waves.
Topics
include
motion
in
one
and
two
dimensions,
Newton’s
laws
of
motion,
equilibrium,
work,Document 3:::
7th
ed.,
Douglas
C.
Giancoli
—
Primary
text
for
course.
A
physical
copy
is
provided
to
students.
b.
OpenStax
College
Physics
—
An
additional
free
e-textbook
will
be
provided
to
students
on
Canvas
as
an
additional
courseDocument 4:::
enrolled
with
PHYS
215
General
Physics
I
at
Francis
Marion
University
(FMU)
and
taught
by
a
GSSM
instructor.
Students
will
each
have
a
FMU
transcript
with
their
overall
grade
earned
in
this
course.
Students
may
earn
up
toDocument 5:::
as
an
additional
course
resource.
c.
Additional
Resources
—
Students
will
be
asked
to
use
a
wide
variety
of
simulations,
watch
online
physics
videos,
and
may
be
assigned
additional
reading
from
resources
outside
the
test
above.
Such
readings
andDocument 6:::
data
analysis,
experimental
design,
and
online
physics
simulations
such
as
those
designed
by
the
PhET
collaboration.
2.
Assignments
a.
Students
will
complete
weekly
lab
assignments
that
will
be
written
in
Google
Docs
and
utilize
Google
Sheets
extensively.
Most
---
Now here is the question you need to answer.

Question: What is the recommended approach for studying physics?

</s>
<|assistant|>
The recommended approach for studying physics, as stated in Document 1 (b), is to make time each day to work on problem sets in advance of the deadline and not to procrastinate. Additionally, Document c (1) emphasizes that physics demands a daily, systematic, and focused approach to studying. Solving physics problems requires practice, as mentioned in Document c (3). Therefore, a combination of consistent daily study, systematic problem-solving practice, and avoiding procrastination is the recommended approach for studying physics.","['learn\nphysics\nand\nwill\nresult\nin\npoor\ntest\nscores.\nPhysics\ndemands\na\ndaily,\nsystematic,\nand\nfocused\napproach\nto\nstudying.\nc.\nPractice \nmakes \nperfect: \nSolving\nphysics\nproblems\nis\na\nskill\nthat\nrequires\npractice.\nIt\nis\nNOT\na\ngame\nof', 'b.\nDon’t \nProcrastinate: \nI\nrecommend\nthat\nstudents\nmake\ntime\neach\nday\nto\nwork\non\nproblem\nsets\nin\nadvance\nof\nthe\ndeadline.\nCramming\nthe\nnight\nbefore\nan\nassignment\nor\nexam\nis\nan\nineﬀective\nway\nto\nlearn\nphysics\nand\nwill', 'I.\nCourse\nDescription\n1.\nCourse\nSummary\na.\nPHY\n161/PHYS\n215\nGeneral\nPhysics\nI\nis\nan\nalgebra-based\nintroduction\nto\nmechanics,\nthermodynamics,\nand\nwaves.\nTopics\ninclude\nmotion\nin\none\nand\ntwo\ndimensions,\nNewton’s\nlaws\nof\nmotion,\nequilibrium,\nwork,', '7th\ned.,\nDouglas\nC.\nGiancoli\n—\nPrimary\ntext\nfor\ncourse.\nA\nphysical\ncopy\nis\nprovided\nto\nstudents.\nb.\nOpenStax\nCollege\nPhysics\n—\nAn\nadditional\nfree\ne-textbook\nwill\nbe\nprovided\nto\nstudents\non\nCanvas\nas\nan\nadditional\ncourse', 'enrolled\nwith\nPHYS\n215\nGeneral\nPhysics\nI\nat\nFrancis\nMarion\nUniversity\n(FMU)\nand\ntaught\nby\na\nGSSM\ninstructor.\nStudents\nwill\neach\nhave\na\nFMU\ntranscript\nwith\ntheir\noverall\ngrade\nearned\nin\nthis\ncourse.\nStudents\nmay\nearn\nup\nto', 'as\nan\nadditional\ncourse\nresource.\nc.\nAdditional\nResources\n—\nStudents\nwill\nbe\nasked\nto\nuse\na\nwide\nvariety\nof\nsimulations,\nwatch\nonline\nphysics\nvideos,\nand\nmay\nbe\nassigned\nadditional\nreading\nfrom\nresources\noutside\nthe\ntest\nabove.\nSuch\nreadings\nand', 'data\nanalysis,\nexperimental\ndesign,\nand\nonline\nphysics\nsimulations\nsuch\nas\nthose\ndesigned\nby\nthe\nPhET\ncollaboration.\n2.\nAssignments\na.\nStudents\nwill\ncomplete\nweekly\nlab\nassignments\nthat\nwill\nbe\nwritten\nin\nGoogle\nDocs\nand\nutilize\nGoogle\nSheets\nextensively.\nMost']",chunk:200_embeddings:thenlper~gte-small_rerank:True_reader-model:zephyr-7b-beta,5,"Feedback: The response correctly identifies the recommended approach for studying physics as making time each day to work on problem sets, not procrastinating, and practicing problem-solving, which aligns with the reference answer. The response is accurate and factual, as it references specific documents that support the approach. It also includes additional details from the documents that are relevant and support the main point.",./output/rag_chunk:200_embeddings:thenlper~gte-small_rerank:True_reader-model:zephyr-7b-beta.json
"What is the consequence of not actively participating in class by using headphones or electronic devices?
",Students who wear headphones or use electronic devices during class in lieu of actively participating will be counted as absent.,/kaggle/input/course-bot-data/bain_syllabus.pdf,"
<|system|>
Using the information contained in the context,
give a comprehensive answer to the question.
Respond only to the question asked, response should be concise and relevant to the question.
Provide the number of the source document when relevant.
If the answer cannot be deduced from the context, do not give an answer.</s>
<|user|>
Context:

Extracted documents:
Document 0:::
electronic
devices
during
class
in
lieu
of
actively
participating
(as
deﬁned
by
the
instructor)
will
be
counted
as
absent.
Unless
the
instructor
has
asked
students
to
use
electronic
devices
for
academic
purposes,
their
use
is
not
allowed.
WearingDocument 1:::
is
not
allowed.
Wearing
headphones
during
class/lab
is
prohibited.
e.
Clickers: 
This
class
is
designed
to
be
student-centered
and
highly
interactive.
Students
are
expected
to
actively
participate
during
every
class.
This
includes
answering
any
and
all
clicker-styleDocument 2:::
the
instructor
and
will
either
be
asked
to
attend
another
section
or
attend
virtually/remotely
if
possible
and
may
be
given
an
alternate
assignment
in
certain
cases.
d.
No 
Headphones: 
Students
who
wear
headphones
or
use
electronic
devices
during
classDocument 3:::
bring…
(1)
Writing
utensils
with
notebook,
printed
notes,
or
tablets/iPad.
(a) 
Note 
- 
Students 
should 
NOT 
use 
their 
phone 
or 
laptop 
in 
class. 
(b) 
Note 
- 
Students 
should 
NOT 
wear 
headphones 
during 
class. 
2.
To
theDocument 4:::
assignments.
Failure
to
actively
participate
during
class
will
incur
a
grade
penalty.
3.
Homework
Page
4
of
8Document 5:::
out
of
class.
b.
Students
who
engage
in
plagiarism/cheating
will
receive
a
0%
on
a
given
assignment/exam
and
will
be
subject
to
disciplinary
action
including
letters
to
parents,
recommendations
to
the
judicial
council,
etc.
Students
may
workDocument 6:::
quizzes/exams,
if
a
phone
is
seen
being
used
or
cheating
is
observed,
a
0%
will
be
assigned.
8.
Inclusion
a.
In
this
class,
we
will
all
maintain
a
community
in
which
every
person
feels
welcomed,
valued,
and
---
Now here is the question you need to answer.

Question: What is the consequence of not actively participating in class by using headphones or electronic devices?

</s>
<|assistant|>
According to Documents 0, 1, and 3, wearing headphones or using electronic devices during class instead of actively participating will result in being counted as absent (Document 0), prohibited (Document 1), or incurring a grade penalty (Document 3). The specific penalty may vary depending on the instructor's policy, but not actively participating due to the use of headphones or electronic devices is not allowed and will have consequences.","['electronic\ndevices\nduring\nclass\nin\nlieu\nof\nactively\nparticipating\n(as\ndeﬁned\nby\nthe\ninstructor)\nwill\nbe\ncounted\nas\nabsent.\nUnless\nthe\ninstructor\nhas\nasked\nstudents\nto\nuse\nelectronic\ndevices\nfor\nacademic\npurposes,\ntheir\nuse\nis\nnot\nallowed.\nWearing', 'is\nnot\nallowed.\nWearing\nheadphones\nduring\nclass/lab\nis\nprohibited.\ne.\nClickers: \nThis\nclass\nis\ndesigned\nto\nbe\nstudent-centered\nand\nhighly\ninteractive.\nStudents\nare\nexpected\nto\nactively\nparticipate\nduring\nevery\nclass.\nThis\nincludes\nanswering\nany\nand\nall\nclicker-style', 'the\ninstructor\nand\nwill\neither\nbe\nasked\nto\nattend\nanother\nsection\nor\nattend\nvirtually/remotely\nif\npossible\nand\nmay\nbe\ngiven\nan\nalternate\nassignment\nin\ncertain\ncases.\nd.\nNo \nHeadphones: \nStudents\nwho\nwear\nheadphones\nor\nuse\nelectronic\ndevices\nduring\nclass', 'bring…\n(1)\nWriting\nutensils\nwith\nnotebook,\nprinted\nnotes,\nor\ntablets/iPad.\n(a) \nNote \n- \nStudents \nshould \nNOT \nuse \ntheir \nphone \nor \nlaptop \nin \nclass. \n(b) \nNote \n- \nStudents \nshould \nNOT \nwear \nheadphones \nduring \nclass. \n2.\nTo\nthe', 'assignments.\nFailure\nto\nactively\nparticipate\nduring\nclass\nwill\nincur\na\ngrade\npenalty.\n3.\nHomework\nPage\n4\nof\n8', 'out\nof\nclass.\nb.\nStudents\nwho\nengage\nin\nplagiarism/cheating\nwill\nreceive\na\n0%\non\na\ngiven\nassignment/exam\nand\nwill\nbe\nsubject\nto\ndisciplinary\naction\nincluding\nletters\nto\nparents,\nrecommendations\nto\nthe\njudicial\ncouncil,\netc.\nStudents\nmay\nwork', 'quizzes/exams,\nif\na\nphone\nis\nseen\nbeing\nused\nor\ncheating\nis\nobserved,\na\n0%\nwill\nbe\nassigned.\n8.\nInclusion\na.\nIn\nthis\nclass,\nwe\nwill\nall\nmaintain\na\ncommunity\nin\nwhich\nevery\nperson\nfeels\nwelcomed,\nvalued,\nand']",chunk:200_embeddings:thenlper~gte-small_rerank:True_reader-model:zephyr-7b-beta,5,"Feedback: The response correctly identifies the consequences of not actively participating in class by using headphones or electronic devices, which includes being counted as absent, the prohibition of such behavior, and incurring a grade penalty. The response is in line with the reference answer and provides a comprehensive view by citing multiple documents. It is accurate and factual, as it directly references the information given in the documents.",./output/rag_chunk:200_embeddings:thenlper~gte-small_rerank:True_reader-model:zephyr-7b-beta.json
"What are the six fundamental values of academic integrity?
","The six fundamental values of academic integrity are honesty, trust, fairness, respect, responsibility, and courage.",/kaggle/input/course-bot-data/bain_syllabus.pdf,"
<|system|>
Using the information contained in the context,
give a comprehensive answer to the question.
Respond only to the question asked, response should be concise and relevant to the question.
Provide the number of the source document when relevant.
If the answer cannot be deduced from the context, do not give an answer.</s>
<|user|>
Context:

Extracted documents:
Document 0:::
a.
Academic
integrity
is
“a
commitment,
even
in
the
face
of
adversity,
to
six
fundamental
values:
honesty,
trust,
fairness,
respect,
responsibility,
and
courage”
(International
Center
for
Academic
Integrity
website).
A
lack
of
academic
integrity
prevents
students
fromDocument 1:::
integrity
prevents
students
from
learning
and
undermines
our
community,
and
is
therefore
strictly
prohibited.
GSSM’s
academic
integrity
policy
(as
explained
in
the
GSSM
Student
Handbook)
covers
all
school-related
academic
work,
both
in
and
out
of
class.
b.Document 2:::
at
the
start
of
the
course
to
determine
how
best
to
accommodate
the
plan.
7.
Academic
Integrity
Page
5
of
8Document 3:::
feels
welcomed,
valued,
and
respected.
It
is
expected
that
you
will
treat
your
classmates
graciously
and
responsibly
and
that
you
will
show
respect
for
diverse
perspectives,
especially
in
terms
of
race,
gender,
sexuality,
religion,
national
origin, disability
status, andDocument 4:::
inquiry-based
activities,
group
problem-solving,
and
peer-instruction
in
order
to
promote
active
student
engagement.
II.
Laboratory
1.
Learning
Outcomes
a.
Lab
oﬀers
students
the
chance
to
gain
interactive
experience
with
scientiﬁc
principles,
develop
their
data
collection/analysis
skills,Document 5:::
a.
Group 
vs. 
Individual 
Work: 
Students
are
encouraged
to
work
together
with
classmates
but
must
ensure
that
they
gain
their
own
individual
understanding
of
material.
Students
must
allot
time
for
self-study
alone
without
others.
b.
Don’t 
Procrastinate:Document 6:::
quizzes/exams,
if
a
phone
is
seen
being
used
or
cheating
is
observed,
a
0%
will
be
assigned.
8.
Inclusion
a.
In
this
class,
we
will
all
maintain
a
community
in
which
every
person
feels
welcomed,
valued,
and
---
Now here is the question you need to answer.

Question: What are the six fundamental values of academic integrity?

</s>
<|assistant|>
s.","['a.\nAcademic\nintegrity\nis\n“a\ncommitment,\neven\nin\nthe\nface\nof\nadversity,\nto\nsix\nfundamental\nvalues:\nhonesty,\ntrust,\nfairness,\nrespect,\nresponsibility,\nand\ncourage”\n(International\nCenter\nfor\nAcademic\nIntegrity\nwebsite).\nA\nlack\nof\nacademic\nintegrity\nprevents\nstudents\nfrom', 'integrity\nprevents\nstudents\nfrom\nlearning\nand\nundermines\nour\ncommunity,\nand\nis\ntherefore\nstrictly\nprohibited.\nGSSM’s\nacademic\nintegrity\npolicy\n(as\nexplained\nin\nthe\nGSSM\nStudent\nHandbook)\ncovers\nall\nschool-related\nacademic\nwork,\nboth\nin\nand\nout\nof\nclass.\nb.', 'at\nthe\nstart\nof\nthe\ncourse\nto\ndetermine\nhow\nbest\nto\naccommodate\nthe\nplan.\n7.\nAcademic\nIntegrity\nPage\n5\nof\n8', 'feels\nwelcomed,\nvalued,\nand\nrespected.\nIt\nis\nexpected\nthat\nyou\nwill\ntreat\nyour\nclassmates\ngraciously\nand\nresponsibly\nand\nthat\nyou\nwill\nshow\nrespect\nfor\ndiverse\nperspectives,\nespecially\nin\nterms\nof\nrace,\ngender,\nsexuality,\nreligion,\nnational\norigin,\xa0disability\nstatus,\xa0and', 'inquiry-based\nactivities,\ngroup\nproblem-solving,\nand\npeer-instruction\nin\norder\nto\npromote\nactive\nstudent\nengagement.\nII.\nLaboratory\n1.\nLearning\nOutcomes\na.\nLab\noﬀers\nstudents\nthe\nchance\nto\ngain\ninteractive\nexperience\nwith\nscientiﬁc\nprinciples,\ndevelop\ntheir\ndata\ncollection/analysis\nskills,', 'a.\nGroup \nvs. \nIndividual \nWork: \nStudents\nare\nencouraged\nto\nwork\ntogether\nwith\nclassmates\nbut\nmust\nensure\nthat\nthey\ngain\ntheir\nown\nindividual\nunderstanding\nof\nmaterial.\nStudents\nmust\nallot\ntime\nfor\nself-study\nalone\nwithout\nothers.\nb.\nDon’t \nProcrastinate:', 'quizzes/exams,\nif\na\nphone\nis\nseen\nbeing\nused\nor\ncheating\nis\nobserved,\na\n0%\nwill\nbe\nassigned.\n8.\nInclusion\na.\nIn\nthis\nclass,\nwe\nwill\nall\nmaintain\na\ncommunity\nin\nwhich\nevery\nperson\nfeels\nwelcomed,\nvalued,\nand']",chunk:200_embeddings:thenlper~gte-small_rerank:True_reader-model:zephyr-7b-beta,1,"Feedback: The response does not directly answer the question posed. It includes system instructions and context extraction, but fails to state the six fundamental values of academic integrity. According to the score rubric, the response should be evaluated based on correctness, accuracy, and factuality. Since the response does not provide the requested information, it cannot be considered correct, accurate, or factual in the context of the question asked.",./output/rag_chunk:200_embeddings:thenlper~gte-small_rerank:True_reader-model:zephyr-7b-beta.json
"What is the instructor's recommendation for students to ask questions about homework?
","The instructor recommends using the ""Ask Your Teacher"" feature on WebAssign to send homework questions, as it is a quick and efficient way to ask questions at any time throughout the day.",/kaggle/input/course-bot-data/bain_syllabus.pdf,"
<|system|>
Using the information contained in the context,
give a comprehensive answer to the question.
Respond only to the question asked, response should be concise and relevant to the question.
Provide the number of the source document when relevant.
If the answer cannot be deduced from the context, do not give an answer.</s>
<|user|>
Context:

Extracted documents:
Document 0:::
b.
I
highly
recommend
that
students
use
the
“Ask
Your
Teacher”
option
on
WebAssign
to
send
me
HW
questions.
This
is
a
quick
and
eﬃcient
way
to
ask
questions
at
any
time
throughout
the
day.
I
will
respondDocument 1:::
c.
Students
should
come
to
oﬃce
hours
with
speciﬁc
questions/issues
having
already
tried
the
HW.
Students
should
not
simply
start/do
their
homework
while
meeting
with
me
in
my
oﬃce.
d.
Additionally,
students
should
take
advantage
of
theDocument 2:::
at
the
discretion
of
the
instructor
on
a
case
by
case
basis.
b.
What 
to 
Bring: 
Students
should
bring
a
writing
utensil,
a
laptop/tablet
for
entering
answers
on
WebAssign
and
a
phone
to
scan/upload
any
written
workDocument 3:::
the
instructor
and
will
either
be
asked
to
attend
another
section
or
attend
virtually/remotely
if
possible
and
may
be
given
an
alternate
assignment
in
certain
cases.
d.
No 
Headphones: 
Students
who
wear
headphones
or
use
electronic
devices
during
classDocument 4:::
b.
Don’t 
Procrastinate: 
I
recommend
that
students
make
time
each
day
to
work
on
problem
sets
in
advance
of
the
deadline.
Cramming
the
night
before
an
assignment
or
exam
is
an
ineﬀective
way
to
learn
physics
and
willDocument 5:::
etc.
Students
may
work
together
on
homework,
in-class
assignments,
and
labs,
but
must
turn
in
their
own
unique
and
individual
work.
Copied
work
will
not
be
accepted
and
will
be
assigned
a
0%.
During
quizzes/exams,
if
aDocument 6:::
assignments.
Failure
to
actively
participate
during
class
will
incur
a
grade
penalty.
3.
Homework
Page
4
of
8
---
Now here is the question you need to answer.

Question: What is the instructor's recommendation for students to ask questions about homework?

</s>
<|assistant|>
The instructor highly recommends that students use the ""Ask Your Teacher"" option on WebAssign to send homework questions as it is a quick and efficient way to ask questions at any time throughout the day (Document 0).","['b.\nI\nhighly\nrecommend\nthat\nstudents\nuse\nthe\n“Ask\nYour\nTeacher”\noption\non\nWebAssign\nto\nsend\nme\nHW\nquestions.\nThis\nis\na\nquick\nand\neﬃcient\nway\nto\nask\nquestions\nat\nany\ntime\nthroughout\nthe\nday.\nI\nwill\nrespond', 'c.\nStudents\nshould\ncome\nto\noﬃce\nhours\nwith\nspeciﬁc\nquestions/issues\nhaving\nalready\ntried\nthe\nHW.\nStudents\nshould\nnot\nsimply\nstart/do\ntheir\nhomework\nwhile\nmeeting\nwith\nme\nin\nmy\noﬃce.\nd.\nAdditionally,\nstudents\nshould\ntake\nadvantage\nof\nthe', 'at\nthe\ndiscretion\nof\nthe\ninstructor\non\na\ncase\nby\ncase\nbasis.\nb.\nWhat \nto \nBring: \nStudents\nshould\nbring\na\nwriting\nutensil,\na\nlaptop/tablet\nfor\nentering\nanswers\non\nWebAssign\nand\na\nphone\nto\nscan/upload\nany\nwritten\nwork', 'the\ninstructor\nand\nwill\neither\nbe\nasked\nto\nattend\nanother\nsection\nor\nattend\nvirtually/remotely\nif\npossible\nand\nmay\nbe\ngiven\nan\nalternate\nassignment\nin\ncertain\ncases.\nd.\nNo \nHeadphones: \nStudents\nwho\nwear\nheadphones\nor\nuse\nelectronic\ndevices\nduring\nclass', 'b.\nDon’t \nProcrastinate: \nI\nrecommend\nthat\nstudents\nmake\ntime\neach\nday\nto\nwork\non\nproblem\nsets\nin\nadvance\nof\nthe\ndeadline.\nCramming\nthe\nnight\nbefore\nan\nassignment\nor\nexam\nis\nan\nineﬀective\nway\nto\nlearn\nphysics\nand\nwill', 'etc.\nStudents\nmay\nwork\ntogether\non\nhomework,\nin-class\nassignments,\nand\nlabs,\nbut\nmust\nturn\nin\ntheir\nown\nunique\nand\nindividual\nwork.\nCopied\nwork\nwill\nnot\nbe\naccepted\nand\nwill\nbe\nassigned\na\n0%.\nDuring\nquizzes/exams,\nif\na', 'assignments.\nFailure\nto\nactively\nparticipate\nduring\nclass\nwill\nincur\na\ngrade\npenalty.\n3.\nHomework\nPage\n4\nof\n8']",chunk:200_embeddings:thenlper~gte-small_rerank:True_reader-model:zephyr-7b-beta,5,"Feedback: The response provided is completely correct, accurate, and factual. It directly addresses the question asked by stating the instructor's recommendation for students to ask questions about homework, which is to use the ""Ask Your Teacher"" option on WebAssign. The response also includes the reason why this method is recommended, noting that it is a quick and efficient way to ask questions at any time, which aligns perfectly with the reference answer.",./output/rag_chunk:200_embeddings:thenlper~gte-small_rerank:True_reader-model:zephyr-7b-beta.json
